序号,链接,节点数
0,https://gist.githubusercontent.com/peasoft/40b87245630092f30cc98af61190b4e2/raw/,10
1,https://pai.yt/clash,100
2,https://raw.githubusercontent.com/Huibq/TrojanLinks/master/links/vmess,0
3,https://raw.githubusercontent.com/Surfboardv2ray/TGParse/main/python/hy2,0
4,https://raw.githubusercontent.com/Surfboardv2ray/TGParse/main/python/hysteria2,1
5,https://raw.githubusercontent.com/ripaojiedian/freenode/main/clash,14
6,https://raw.githubusercontent.com/ripaojiedian/freenode/main/sub,14
7,https://raw.githubusercontent.com/shaoyouvip/free/refs/heads/main/all.yaml,31
8,https://raw.githubusercontent.com/zhangkaiitugithub/passcro/main/speednodes.yaml,116
9,https://zm6ckE.absslk.xyz/ed13c0b6c14d7d69cfa106d496f7b694,0

总计,,269
